relative_path,category,difference_status,consumer_evidence,consumers,registration,condition,world_render,inventory_render,metadata_evidence,classification,manual_flags,evidence_note
blocks/campfire.png,blocks,upstream-only,none-extracted,,none for exact path,not reached,no exact-path evidence,no exact-path evidence,none established for exact path,model-bound,manual-review;same-name-object-no-consumer,A same-named block/TESR exists but does not consume this exact PNG; campfire uses cache model textures.
blocks/candle.png,blocks,upstream-only,none-extracted,,none for exact path,not reached,no exact-path evidence,no exact-path evidence,none established for exact path,model-bound,manual-review;same-name-object-no-consumer,"A same-named lit/unlit block exists, but its block icon is vanilla soulsand and its TESR consumes models/Candle.png."
blocks/lantern.png,blocks,upstream-only,none-extracted,,none for exact path,not reached,no exact-path evidence,no exact-path evidence,none established for exact path,missing-system/excluded,manual-review;excluded,Lantern has no current registered object or renderer and is excluded from this slice.
blocks/npcBloodBlock.png,blocks,identical,static-closed-set,BlockBlood|texture base|src/main/java/noppes/npcs/CustomItems.java:297|standard-block-icon;BlockBlood|registerIcons|src/main/java/noppes/npcs/blocks/BlockBlood.java:75|world+inventory-icon,blood GameRegistry npcBloodBlock,extra-items-enabled,yes,yes,"metadata%3=0; closed set base,+2,+3",identical/no-op,manual-review;closed-set,Finite three-icon family; this is the registered base path.
blocks/npcBloodBlock2.png,blocks,identical,static-closed-set,BlockBlood|registerIcons getTextureName()+2|src/main/java/noppes/npcs/blocks/BlockBlood.java:76|world+inventory-icon,blood GameRegistry npcBloodBlock,extra-items-enabled,yes,yes,"metadata%3=1; closed set base,+2,+3",identical/no-op,manual-review;closed-set,Finite suffix family derived from the exact registered base texture.
blocks/npcBloodBlock3.png,blocks,identical,static-closed-set,BlockBlood|registerIcons getTextureName()+3|src/main/java/noppes/npcs/blocks/BlockBlood.java:77|world+inventory-icon,blood GameRegistry npcBloodBlock,extra-items-enabled,yes,yes,"metadata%3=2; closed set base,+2,+3",identical/no-op,manual-review;closed-set,Finite suffix family derived from the exact registered base texture.
blocks/npcBorder.png,blocks,identical,unreachable-current,,no instantiated or registered border object found,unreachable-current,unreachable,unreachable,BlockBorder top face would use blockIcon if registered,orphan-candidate,manual-review;unreachable-current,"Class and renderer exist, but the current tree has no object instantiation, texture registration, GameRegistry entry, or renderer registration."
blocks/npcCarpentryBench.png,blocks,current-only,static-exact,CustomItems|carpentyBench setTextureName|src/main/java/noppes/npcs/CustomItems.java:271|world+inventory-icon,carpentyBench GameRegistry npcCarpentyBench,always,yes,yes,standard block icon; TESR separately uses textures/misc/CarpentryBench.png,current-bound,manual-review;separate-model-atlas,Exact block icon is registered; the carpentry TESR model does not consume models/CarpentryBench.png.
blocks/npcCrystal.png,blocks,identical,static-exact,BlockCrystal|constructor textureName|src/main/java/noppes/npcs/blocks/BlockCrystal.java:23|world+inventory-icon,crystal GameRegistry npcCrystalBlock with ItemNpcColored,extra-items-enabled,yes,yes,metadata 0..15 uses EntitySheep fleece tint,identical/no-op,manual-review;tint,Exact icon is tinted by subtype/metadata; alpha and colors still require visual review.
blocks/npcRedstoneBlock.png,blocks,identical,static-exact,CustomItems|redstoneBlock setTextureName|src/main/java/noppes/npcs/CustomItems.java:268|world+inventory-icon,redstoneBlock GameRegistry npcRedstoneBlock,always,yes,yes,activated metadata/state applies colorMultiplier 0xFF6B68,identical/no-op,manual-review;tint,Exact standard icon is current; active-state tint requires visual review.
blocks/npcScripted.png,blocks,upstream-only,none-extracted,,none for exact path,not reached,no exact-path evidence,no exact-path evidence,none established for exact path,missing-system/excluded,manual-review;excluded,Scripted block depends on the explicitly excluded script system; no exact current consumer.
blocks/npcWaypoint.png,blocks,identical,static-exact,CustomItems|waypoint setTextureName|src/main/java/noppes/npcs/CustomItems.java:278|world+inventory-icon,waypoint GameRegistry npcWaypoint,always,yes,yes,no texture-selection metadata branch,identical/no-op,manual-review,Exact standard block/inventory icon.
blocks/placeholder_0.png,blocks,identical,static-closed-set,BlockPlaceholder|registerIcons placeholder_+i|src/main/java/noppes/npcs/blocks/BlockPlaceholder.java:46|world+inventory-icon,local placeholder GameRegistry npcPlaceholder with ItemPlaceholder,extra-items-enabled,yes,yes,metadata 0; finite loop i=0..15,identical/no-op,manual-review;closed-set,Exact member of the reviewed placeholder_0..15 finite icon family.
blocks/placeholder_1.png,blocks,identical,static-closed-set,BlockPlaceholder|registerIcons placeholder_+i|src/main/java/noppes/npcs/blocks/BlockPlaceholder.java:46|world+inventory-icon,local placeholder GameRegistry npcPlaceholder with ItemPlaceholder,extra-items-enabled,yes,yes,metadata 1; finite loop i=0..15,identical/no-op,manual-review;closed-set,Exact member of the reviewed placeholder_0..15 finite icon family.
blocks/placeholder_10.png,blocks,identical,static-closed-set,BlockPlaceholder|registerIcons placeholder_+i|src/main/java/noppes/npcs/blocks/BlockPlaceholder.java:46|world+inventory-icon,local placeholder GameRegistry npcPlaceholder with ItemPlaceholder,extra-items-enabled,yes,yes,metadata 10; finite loop i=0..15,identical/no-op,manual-review;closed-set,Exact member of the reviewed placeholder_0..15 finite icon family.
blocks/placeholder_11.png,blocks,identical,static-closed-set,BlockPlaceholder|registerIcons placeholder_+i|src/main/java/noppes/npcs/blocks/BlockPlaceholder.java:46|world+inventory-icon,local placeholder GameRegistry npcPlaceholder with ItemPlaceholder,extra-items-enabled,yes,yes,metadata 11; finite loop i=0..15,identical/no-op,manual-review;closed-set,Exact member of the reviewed placeholder_0..15 finite icon family.
blocks/placeholder_12.png,blocks,identical,static-closed-set,BlockPlaceholder|registerIcons placeholder_+i|src/main/java/noppes/npcs/blocks/BlockPlaceholder.java:46|world+inventory-icon,local placeholder GameRegistry npcPlaceholder with ItemPlaceholder,extra-items-enabled,yes,yes,metadata 12; finite loop i=0..15,identical/no-op,manual-review;closed-set,Exact member of the reviewed placeholder_0..15 finite icon family.
blocks/placeholder_13.png,blocks,identical,static-closed-set,BlockPlaceholder|registerIcons placeholder_+i|src/main/java/noppes/npcs/blocks/BlockPlaceholder.java:46|world+inventory-icon,local placeholder GameRegistry npcPlaceholder with ItemPlaceholder,extra-items-enabled,yes,yes,metadata 13; finite loop i=0..15,identical/no-op,manual-review;closed-set,Exact member of the reviewed placeholder_0..15 finite icon family.
blocks/placeholder_14.png,blocks,identical,static-closed-set,BlockPlaceholder|registerIcons placeholder_+i|src/main/java/noppes/npcs/blocks/BlockPlaceholder.java:46|world+inventory-icon,local placeholder GameRegistry npcPlaceholder with ItemPlaceholder,extra-items-enabled,yes,yes,metadata 14; finite loop i=0..15,identical/no-op,manual-review;closed-set,Exact member of the reviewed placeholder_0..15 finite icon family.
blocks/placeholder_15.png,blocks,identical,static-closed-set,BlockPlaceholder|registerIcons placeholder_+i|src/main/java/noppes/npcs/blocks/BlockPlaceholder.java:46|world+inventory-icon,local placeholder GameRegistry npcPlaceholder with ItemPlaceholder,extra-items-enabled,yes,yes,metadata 15; finite loop i=0..15,identical/no-op,manual-review;closed-set,Exact member of the reviewed placeholder_0..15 finite icon family.
blocks/placeholder_2.png,blocks,identical,static-closed-set,BlockPlaceholder|registerIcons placeholder_+i|src/main/java/noppes/npcs/blocks/BlockPlaceholder.java:46|world+inventory-icon,local placeholder GameRegistry npcPlaceholder with ItemPlaceholder,extra-items-enabled,yes,yes,metadata 2; finite loop i=0..15,identical/no-op,manual-review;closed-set,Exact member of the reviewed placeholder_0..15 finite icon family.
blocks/placeholder_3.png,blocks,identical,static-closed-set,BlockPlaceholder|registerIcons placeholder_+i|src/main/java/noppes/npcs/blocks/BlockPlaceholder.java:46|world+inventory-icon,local placeholder GameRegistry npcPlaceholder with ItemPlaceholder,extra-items-enabled,yes,yes,metadata 3; finite loop i=0..15,identical/no-op,manual-review;closed-set,Exact member of the reviewed placeholder_0..15 finite icon family.
blocks/placeholder_4.png,blocks,identical,static-closed-set,BlockPlaceholder|registerIcons placeholder_+i|src/main/java/noppes/npcs/blocks/BlockPlaceholder.java:46|world+inventory-icon,local placeholder GameRegistry npcPlaceholder with ItemPlaceholder,extra-items-enabled,yes,yes,metadata 4; finite loop i=0..15,identical/no-op,manual-review;closed-set,Exact member of the reviewed placeholder_0..15 finite icon family.
blocks/placeholder_5.png,blocks,identical,static-closed-set,BlockPlaceholder|registerIcons placeholder_+i|src/main/java/noppes/npcs/blocks/BlockPlaceholder.java:46|world+inventory-icon,local placeholder GameRegistry npcPlaceholder with ItemPlaceholder,extra-items-enabled,yes,yes,metadata 5; finite loop i=0..15,identical/no-op,manual-review;closed-set,Exact member of the reviewed placeholder_0..15 finite icon family.
blocks/placeholder_6.png,blocks,identical,static-closed-set,BlockPlaceholder|registerIcons placeholder_+i|src/main/java/noppes/npcs/blocks/BlockPlaceholder.java:46|world+inventory-icon,local placeholder GameRegistry npcPlaceholder with ItemPlaceholder,extra-items-enabled,yes,yes,metadata 6; finite loop i=0..15,identical/no-op,manual-review;closed-set,Exact member of the reviewed placeholder_0..15 finite icon family.
blocks/placeholder_7.png,blocks,identical,static-closed-set,BlockPlaceholder|registerIcons placeholder_+i|src/main/java/noppes/npcs/blocks/BlockPlaceholder.java:46|world+inventory-icon,local placeholder GameRegistry npcPlaceholder with ItemPlaceholder,extra-items-enabled,yes,yes,metadata 7; finite loop i=0..15,identical/no-op,manual-review;closed-set,Exact member of the reviewed placeholder_0..15 finite icon family.
blocks/placeholder_8.png,blocks,identical,static-closed-set,BlockPlaceholder|registerIcons placeholder_+i|src/main/java/noppes/npcs/blocks/BlockPlaceholder.java:46|world+inventory-icon,local placeholder GameRegistry npcPlaceholder with ItemPlaceholder,extra-items-enabled,yes,yes,metadata 8; finite loop i=0..15,identical/no-op,manual-review;closed-set,Exact member of the reviewed placeholder_0..15 finite icon family.
blocks/placeholder_9.png,blocks,identical,static-closed-set,BlockPlaceholder|registerIcons placeholder_+i|src/main/java/noppes/npcs/blocks/BlockPlaceholder.java:46|world+inventory-icon,local placeholder GameRegistry npcPlaceholder with ItemPlaceholder,extra-items-enabled,yes,yes,metadata 9; finite loop i=0..15,identical/no-op,manual-review;closed-set,Exact member of the reviewed placeholder_0..15 finite icon family.
models/anvil.png,models,upstream-only,none-extracted,,none for exact path,not reached,no exact-path evidence,no exact-path evidence,none established for exact path,model-bound,manual-review,"No exact consumer; current TileBlockAnvil renderer binds textures/misc/CarpentryBench.png, so model/UV mapping requires manual review."
models/banner/BannerFloorDiamond.png,models,upstream-only,none-extracted,,none for exact path,not reached,no exact-path evidence,no exact-path evidence,none established for exact path,model-bound,manual-review,No case-exact current Java consumer was extracted; similar names or legacy paths do not establish compatibility.
models/banner/BannerFloorGold.png,models,upstream-only,none-extracted,,none for exact path,not reached,no exact-path evidence,no exact-path evidence,none established for exact path,model-bound,manual-review,No case-exact current Java consumer was extracted; similar names or legacy paths do not establish compatibility.
models/banner/BannerFloorIron.png,models,upstream-only,none-extracted,,none for exact path,not reached,no exact-path evidence,no exact-path evidence,none established for exact path,model-bound,manual-review,No case-exact current Java consumer was extracted; similar names or legacy paths do not establish compatibility.
models/banner/BannerFloorStone.png,models,upstream-only,none-extracted,,none for exact path,not reached,no exact-path evidence,no exact-path evidence,none established for exact path,model-bound,manual-review,No case-exact current Java consumer was extracted; similar names or legacy paths do not establish compatibility.
models/banner/BannerFloorWood.png,models,upstream-only,none-extracted,,none for exact path,not reached,no exact-path evidence,no exact-path evidence,none established for exact path,model-bound,manual-review,No case-exact current Java consumer was extracted; similar names or legacy paths do not establish compatibility.
models/banner/flag/curved.png,models,upstream-only,none-extracted,,none for exact path,not reached,no exact-path evidence,no exact-path evidence,none established for exact path,model-bound,manual-review,No case-exact current Java consumer was extracted; similar names or legacy paths do not establish compatibility.
models/banner/flag/normal.png,models,upstream-only,none-extracted,,none for exact path,not reached,no exact-path evidence,no exact-path evidence,none established for exact path,model-bound,manual-review,No case-exact current Java consumer was extracted; similar names or legacy paths do not establish compatibility.
models/banner/flag/pointy.png,models,upstream-only,none-extracted,,none for exact path,not reached,no exact-path evidence,no exact-path evidence,none established for exact path,model-bound,manual-review,No case-exact current Java consumer was extracted; similar names or legacy paths do not establish compatibility.
models/banner/flag/torn.png,models,upstream-only,none-extracted,,none for exact path,not reached,no exact-path evidence,no exact-path evidence,none established for exact path,model-bound,manual-review,No case-exact current Java consumer was extracted; similar names or legacy paths do not establish compatibility.
models/banner/flag/triangle.png,models,upstream-only,none-extracted,,none for exact path,not reached,no exact-path evidence,no exact-path evidence,none established for exact path,model-bound,manual-review,No case-exact current Java consumer was extracted; similar names or legacy paths do not establish compatibility.
models/BannerFlag.png,models,current-only,static-exact,BlockBannerRenderer|resourceFlag|src/main/java/noppes/npcs/client/renderer/blocks/BlockBannerRenderer.java:26|TESR+inventory;BlockWallBannerRenderer|resourceFlag|src/main/java/noppes/npcs/client/renderer/blocks/BlockWallBannerRenderer.java:46|TESR+inventory,banner and wallBanner ISBRH/TESR,extra-items-enabled,yes,yes,world TileBanner.color; inventory colorTable[15-metadata],current-bound,manual-review;shared-atlas,Exact atlas is shared by floor and wall banner; material body uses cache textures.
models/Barrel.png,models,identical,static-exact,BlockBarrelRenderer|resource1|src/main/java/noppes/npcs/client/renderer/blocks/BlockBarrelRenderer.java:23|TESR+inventory,barrel ISBRH/TESR,extra-items-enabled,yes,yes,"wood metadata 0 oak, 1 spruce, 2 birch, 3 jungle",identical/no-op,manual-review,Exact atlas supplies lit/trim layers; body wood uses cache textures.
models/barrel/acacia_lid.png,models,upstream-only,none-extracted,,none for exact path,not reached,no exact-path evidence,no exact-path evidence,none established for exact path,missing-system/excluded,manual-review;excluded,Extra wood species/data semantics belong to excluded #23; no exact current consumer.
models/barrel/birch_lid.png,models,upstream-only,none-extracted,,none for exact path,not reached,no exact-path evidence,no exact-path evidence,none established for exact path,model-bound,manual-review,No case-exact current Java consumer was extracted; similar names or legacy paths do not establish compatibility.
models/barrel/dark_oak_lid.png,models,upstream-only,none-extracted,,none for exact path,not reached,no exact-path evidence,no exact-path evidence,none established for exact path,missing-system/excluded,manual-review;excluded,Extra wood species/data semantics belong to excluded #23; no exact current consumer.
models/barrel/jungle_lid.png,models,upstream-only,none-extracted,,none for exact path,not reached,no exact-path evidence,no exact-path evidence,none established for exact path,model-bound,manual-review,No case-exact current Java consumer was extracted; similar names or legacy paths do not establish compatibility.
models/barrel/oak_lid.png,models,upstream-only,none-extracted,,none for exact path,not reached,no exact-path evidence,no exact-path evidence,none established for exact path,model-bound,manual-review,No case-exact current Java consumer was extracted; similar names or legacy paths do not establish compatibility.
models/barrel/spruce_lid.png,models,upstream-only,none-extracted,,none for exact path,not reached,no exact-path evidence,no exact-path evidence,none established for exact path,model-bound,manual-review,No case-exact current Java consumer was extracted; similar names or legacy paths do not establish compatibility.
models/barrel/trim.png,models,upstream-only,none-extracted,,none for exact path,not reached,no exact-path evidence,no exact-path evidence,none established for exact path,model-bound,manual-review,No case-exact current Java consumer was extracted; similar names or legacy paths do not establish compatibility.
models/BigSign.png,models,identical,static-exact,BlockBigSignRenderer|resource|src/main/java/noppes/npcs/client/renderer/blocks/BlockBigSignRenderer.java:25|TESR+inventory,bigsign ISBRH/TESR,extra-items-enabled,yes,yes,no texture-selection metadata branch,identical/no-op,manual-review,Exact model atlas is used in world and 3D inventory rendering.
models/CampfireCoals.png,models,upstream-only,none-extracted,,none for exact path,not reached,no exact-path evidence,no exact-path evidence,none established for exact path,model-bound,manual-review,No case-exact current Java consumer was extracted; similar names or legacy paths do not establish compatibility.
models/Candle.png,models,current-only,static-exact,BlockCandleRenderer|resource1|src/main/java/noppes/npcs/client/renderer/blocks/BlockCandleRenderer.java:28|TESR+inventory,candle and candle_unlit share ISBRH/TESR,extra-items-enabled,yes,yes,lit and unlit objects share renderer; no atlas metadata branch,current-bound,manual-review;case-collision;registry-name-risk,Exact uppercase current path is consumed; do not fold into upstream models/candle.png. Candle/lamp registry names are interchanged.
models/candle.png,models,upstream-only,none-extracted,,none for exact path,not reached,no exact-path evidence,no exact-path evidence,none established for exact path,model-bound,manual-review;case-collision,Lowercase upstream path has no exact consumer; current renderer consumes models/Candle.png. Preserve both exact keys and never case-fold or rename automatically.
models/CarpentryBench.png,models,different,none-extracted,,none for exact path,not reached,no exact-path evidence,no exact-path evidence,none established for exact path,orphan-candidate,manual-review;misc-path-consumer,"This exact models path is unconsumed; BlockCarpentryBenchRenderer.java:13 instead binds textures/misc/CarpentryBench.png, and current/upstream model dimensions differ."
models/chair/acacia.png,models,upstream-only,none-extracted,,none for exact path,not reached,no exact-path evidence,no exact-path evidence,none established for exact path,missing-system/excluded,manual-review;excluded,Extra wood species/data semantics belong to excluded #23; no exact current consumer.
models/chair/birch.png,models,upstream-only,none-extracted,,none for exact path,not reached,no exact-path evidence,no exact-path evidence,none established for exact path,model-bound,manual-review,No case-exact current Java consumer was extracted; similar names or legacy paths do not establish compatibility.
models/chair/dark_oak.png,models,upstream-only,none-extracted,,none for exact path,not reached,no exact-path evidence,no exact-path evidence,none established for exact path,missing-system/excluded,manual-review;excluded,Extra wood species/data semantics belong to excluded #23; no exact current consumer.
models/chair/jungle.png,models,upstream-only,none-extracted,,none for exact path,not reached,no exact-path evidence,no exact-path evidence,none established for exact path,model-bound,manual-review,No case-exact current Java consumer was extracted; similar names or legacy paths do not establish compatibility.
models/chair/oak.png,models,upstream-only,none-extracted,,none for exact path,not reached,no exact-path evidence,no exact-path evidence,none established for exact path,model-bound,manual-review,No case-exact current Java consumer was extracted; similar names or legacy paths do not establish compatibility.
models/chair/spruce.png,models,upstream-only,none-extracted,,none for exact path,not reached,no exact-path evidence,no exact-path evidence,none established for exact path,model-bound,manual-review,No case-exact current Java consumer was extracted; similar names or legacy paths do not establish compatibility.
models/couch/acacia.png,models,upstream-only,none-extracted,,none for exact path,not reached,no exact-path evidence,no exact-path evidence,none established for exact path,missing-system/excluded,manual-review;excluded,Extra wood species/data semantics belong to excluded #23; no exact current consumer.
models/couch/birch.png,models,upstream-only,none-extracted,,none for exact path,not reached,no exact-path evidence,no exact-path evidence,none established for exact path,model-bound,manual-review,No case-exact current Java consumer was extracted; similar names or legacy paths do not establish compatibility.
models/couch/dark_oak.png,models,upstream-only,none-extracted,,none for exact path,not reached,no exact-path evidence,no exact-path evidence,none established for exact path,missing-system/excluded,manual-review;excluded,Extra wood species/data semantics belong to excluded #23; no exact current consumer.
models/couch/jungle.png,models,upstream-only,none-extracted,,none for exact path,not reached,no exact-path evidence,no exact-path evidence,none established for exact path,model-bound,manual-review,No case-exact current Java consumer was extracted; similar names or legacy paths do not establish compatibility.
models/couch/oak.png,models,upstream-only,none-extracted,,none for exact path,not reached,no exact-path evidence,no exact-path evidence,none established for exact path,model-bound,manual-review,No case-exact current Java consumer was extracted; similar names or legacy paths do not establish compatibility.
models/couch/spruce.png,models,upstream-only,none-extracted,,none for exact path,not reached,no exact-path evidence,no exact-path evidence,none established for exact path,model-bound,manual-review,No case-exact current Java consumer was extracted; similar names or legacy paths do not establish compatibility.
models/couch/wool.png,models,upstream-only,none-extracted,,none for exact path,not reached,no exact-path evidence,no exact-path evidence,none established for exact path,model-bound,manual-review,No case-exact current Java consumer was extracted; similar names or legacy paths do not establish compatibility.
models/flame.png,models,upstream-only,none-extracted,,none for exact path,not reached,no exact-path evidence,no exact-path evidence,none established for exact path,model-bound,manual-review;animated-strip;sidecar-excluded,"Animated strip has no exact consumer; animation sidecar behavior is explicitly excluded, so model/visual review remains manual."
models/flame.png.mcmeta,models,upstream-only,not-applicable-sidecar,,not applicable,not applicable,no,no,animation sidecar excluded from 1.6.4 backport scope,missing-system/excluded,sidecar;manual-review;excluded,Animation sidecar is inventory evidence only; #21 explicitly excludes sidecar behavior.
models/flame_single.png,models,upstream-only,none-extracted,,none for exact path,not reached,no exact-path evidence,no exact-path evidence,none established for exact path,model-bound,manual-review,No case-exact current Java consumer was extracted; similar names or legacy paths do not establish compatibility.
models/Ink.png,models,identical,static-exact,BlockBookRenderer|resource2|src/main/java/noppes/npcs/client/renderer/blocks/BlockBookRenderer.java:27|TESR+inventory,book ISBRH/TESR,extra-items-enabled,yes,yes,ink layer only; book body uses vanilla enchanting-table atlas,identical/no-op,manual-review,Exact atlas supplies only the ink layer in world and inventory rendering.
models/Lamp.png,models,current-only,static-exact,BlockLampRenderer|resource1|src/main/java/noppes/npcs/client/renderer/blocks/BlockLampRenderer.java:28|TESR+inventory,lamp and lamp_unlit share ISBRH/TESR,extra-items-enabled,yes,yes,lit and unlit objects share renderer; no atlas metadata branch,current-bound,manual-review;registry-name-risk,"Exact atlas is consumed; candle/lamp GameRegistry names are interchanged, so field/class evidence is authoritative."
models/lamp/short/diamond.png,models,upstream-only,none-extracted,,none for exact path,not reached,no exact-path evidence,no exact-path evidence,none established for exact path,missing-system/excluded,manual-review;excluded,Short Lamp requires the excluded #22 registration/model slice; no exact current consumer.
models/lamp/short/gold.png,models,upstream-only,none-extracted,,none for exact path,not reached,no exact-path evidence,no exact-path evidence,none established for exact path,missing-system/excluded,manual-review;excluded,Short Lamp requires the excluded #22 registration/model slice; no exact current consumer.
models/lamp/short/iron.png,models,upstream-only,none-extracted,,none for exact path,not reached,no exact-path evidence,no exact-path evidence,none established for exact path,missing-system/excluded,manual-review;excluded,Short Lamp requires the excluded #22 registration/model slice; no exact current consumer.
models/lamp/short/stone.png,models,upstream-only,none-extracted,,none for exact path,not reached,no exact-path evidence,no exact-path evidence,none established for exact path,missing-system/excluded,manual-review;excluded,Short Lamp requires the excluded #22 registration/model slice; no exact current consumer.
models/lamp/short/wood.png,models,upstream-only,none-extracted,,none for exact path,not reached,no exact-path evidence,no exact-path evidence,none established for exact path,missing-system/excluded,manual-review;excluded,Short Lamp requires the excluded #22 registration/model slice; no exact current consumer.
models/lamp/tall/diamond.png,models,upstream-only,none-extracted,,none for exact path,not reached,no exact-path evidence,no exact-path evidence,none established for exact path,model-bound,manual-review,No case-exact current Java consumer was extracted; similar names or legacy paths do not establish compatibility.
models/lamp/tall/gold.png,models,upstream-only,none-extracted,,none for exact path,not reached,no exact-path evidence,no exact-path evidence,none established for exact path,model-bound,manual-review,No case-exact current Java consumer was extracted; similar names or legacy paths do not establish compatibility.
models/lamp/tall/iron.png,models,upstream-only,none-extracted,,none for exact path,not reached,no exact-path evidence,no exact-path evidence,none established for exact path,model-bound,manual-review,No case-exact current Java consumer was extracted; similar names or legacy paths do not establish compatibility.
models/lamp/tall/stone.png,models,upstream-only,none-extracted,,none for exact path,not reached,no exact-path evidence,no exact-path evidence,none established for exact path,model-bound,manual-review,No case-exact current Java consumer was extracted; similar names or legacy paths do not establish compatibility.
models/lamp/tall/wood.png,models,upstream-only,none-extracted,,none for exact path,not reached,no exact-path evidence,no exact-path evidence,none established for exact path,model-bound,manual-review,No case-exact current Java consumer was extracted; similar names or legacy paths do not establish compatibility.
models/lantern.png,models,upstream-only,none-extracted,,none for exact path,not reached,no exact-path evidence,no exact-path evidence,none established for exact path,missing-system/excluded,manual-review;excluded,Lantern has no current registered object or renderer and is excluded from this slice.
models/legacy/banner.png,models,upstream-only,none-extracted,,none for exact path,not reached,no exact-path evidence,no exact-path evidence,none established for exact path,model-bound,manual-review;legacy-path,Legacy basename similarity does not establish an exact consumer or authorize remapping; model and UV review is required.
models/legacy/bench.png,models,upstream-only,none-extracted,,none for exact path,not reached,no exact-path evidence,no exact-path evidence,none established for exact path,model-bound,manual-review;legacy-path,Legacy basename similarity does not establish an exact consumer or authorize remapping; model and UV review is required.
models/legacy/Candle.png,models,upstream-only,none-extracted,,none for exact path,not reached,no exact-path evidence,no exact-path evidence,none established for exact path,model-bound,manual-review;legacy-path,Legacy basename similarity does not establish an exact consumer or authorize remapping; model and UV review is required.
models/legacy/Lamp.png,models,upstream-only,none-extracted,,none for exact path,not reached,no exact-path evidence,no exact-path evidence,none established for exact path,model-bound,manual-review;legacy-path,Legacy basename similarity does not establish an exact consumer or authorize remapping; model and UV review is required.
models/legacy/mailbox1.png,models,upstream-only,none-extracted,,none for exact path,not reached,no exact-path evidence,no exact-path evidence,none established for exact path,model-bound,manual-review;legacy-path,Legacy basename similarity does not establish an exact consumer or authorize remapping; model and UV review is required.
models/legacy/npcPedestal.png,models,upstream-only,none-extracted,,none for exact path,not reached,no exact-path evidence,no exact-path evidence,none established for exact path,model-bound,manual-review;legacy-path,Legacy basename similarity does not establish an exact consumer or authorize remapping; model and UV review is required.
models/legacy/Steel.png,models,upstream-only,none-extracted,,none for exact path,not reached,no exact-path evidence,no exact-path evidence,none established for exact path,model-bound,manual-review;legacy-path,Legacy basename similarity does not establish an exact consumer or authorize remapping; model and UV review is required.
models/mailbox.png,models,upstream-only,none-extracted,,none for exact path,not reached,no exact-path evidence,no exact-path evidence,none established for exact path,model-bound,manual-review,No case-exact current Java consumer was extracted; similar names or legacy paths do not establish compatibility.
models/mailbox1.png,models,current-only,static-exact,BlockMailboxRenderer|text1|src/main/java/noppes/npcs/client/renderer/blocks/BlockMailboxRenderer.java:24|TESR+inventory,mailbox ISBRH/TESR,always,yes,yes,world type=blockMetadata>>2 selects 0; low bits orient; inventory metadata 0,current-bound,manual-review;metadata-type;duplicate-handler-risk,"Type 0 atlas. Renderer constructor registers a handler, then ClientProxy registers the same instance again."
models/mailbox2.png,models,identical,static-exact,BlockMailboxRenderer|text2|src/main/java/noppes/npcs/client/renderer/blocks/BlockMailboxRenderer.java:25|TESR+inventory,mailbox ISBRH/TESR,always,yes,yes,world type=blockMetadata>>2 selects 1; low bits orient; inventory metadata 1,identical/no-op,manual-review;metadata-type;duplicate-handler-risk,"Type 1 atlas. Renderer constructor registers a handler, then ClientProxy registers the same instance again."
models/npcPedestal.png,models,current-only,static-exact,BlockPedestalRenderer|resource|src/main/java/noppes/npcs/client/renderer/blocks/BlockPedestalRenderer.java:25|TESR+inventory,pedestal ISBRH/TESR,extra-items-enabled,yes,yes,"material metadata 0 wood, 1 stone, 2 iron, 3 gold, 4 diamond",current-bound,manual-review,Exact overlay atlas is combined with cache material textures.
models/pedestal/diamond.png,models,upstream-only,none-extracted,,none for exact path,not reached,no exact-path evidence,no exact-path evidence,none established for exact path,model-bound,manual-review,No case-exact current Java consumer was extracted; similar names or legacy paths do not establish compatibility.
models/pedestal/gold.png,models,upstream-only,none-extracted,,none for exact path,not reached,no exact-path evidence,no exact-path evidence,none established for exact path,model-bound,manual-review,No case-exact current Java consumer was extracted; similar names or legacy paths do not establish compatibility.
models/pedestal/iron.png,models,upstream-only,none-extracted,,none for exact path,not reached,no exact-path evidence,no exact-path evidence,none established for exact path,model-bound,manual-review,No case-exact current Java consumer was extracted; similar names or legacy paths do not establish compatibility.
models/pedestal/stone.png,models,upstream-only,none-extracted,,none for exact path,not reached,no exact-path evidence,no exact-path evidence,none established for exact path,model-bound,manual-review,No case-exact current Java consumer was extracted; similar names or legacy paths do not establish compatibility.
models/pedestal/wood.png,models,upstream-only,none-extracted,,none for exact path,not reached,no exact-path evidence,no exact-path evidence,none established for exact path,model-bound,manual-review,No case-exact current Java consumer was extracted; similar names or legacy paths do not establish compatibility.
models/Steel.png,models,current-only,static-exact,BlockRendererInterface|Steel|src/main/java/noppes/npcs/client/renderer/blocks/BlockRendererInterface.java:25|shared-model-atlas;BlockSignRenderer|Steel|src/main/java/noppes/npcs/client/renderer/blocks/BlockSignRenderer.java:39|TESR+inventory,sign ISBRH/TESR,extra-items-enabled,yes,yes,"wood metadata 0 oak, 1 spruce, 2 birch, 3 jungle for separate sign layer",current-bound,manual-review,Exact steel atlas is bound for the sign metal model; wood layer uses cache textures.
models/stool/acacia.png,models,upstream-only,none-extracted,,none for exact path,not reached,no exact-path evidence,no exact-path evidence,none established for exact path,missing-system/excluded,manual-review;excluded,Extra wood species/data semantics belong to excluded #23; no exact current consumer.
models/stool/birch.png,models,upstream-only,none-extracted,,none for exact path,not reached,no exact-path evidence,no exact-path evidence,none established for exact path,model-bound,manual-review,No case-exact current Java consumer was extracted; similar names or legacy paths do not establish compatibility.
models/stool/dark_oak.png,models,upstream-only,none-extracted,,none for exact path,not reached,no exact-path evidence,no exact-path evidence,none established for exact path,missing-system/excluded,manual-review;excluded,Extra wood species/data semantics belong to excluded #23; no exact current consumer.
models/stool/jungle.png,models,upstream-only,none-extracted,,none for exact path,not reached,no exact-path evidence,no exact-path evidence,none established for exact path,model-bound,manual-review,No case-exact current Java consumer was extracted; similar names or legacy paths do not establish compatibility.
models/stool/oak.png,models,upstream-only,none-extracted,,none for exact path,not reached,no exact-path evidence,no exact-path evidence,none established for exact path,model-bound,manual-review,No case-exact current Java consumer was extracted; similar names or legacy paths do not establish compatibility.
models/stool/spruce.png,models,upstream-only,none-extracted,,none for exact path,not reached,no exact-path evidence,no exact-path evidence,none established for exact path,model-bound,manual-review,No case-exact current Java consumer was extracted; similar names or legacy paths do not establish compatibility.
models/table/acacia.png,models,upstream-only,none-extracted,,none for exact path,not reached,no exact-path evidence,no exact-path evidence,none established for exact path,missing-system/excluded,manual-review;excluded,Extra wood species/data semantics belong to excluded #23; no exact current consumer.
models/table/birch.png,models,upstream-only,none-extracted,,none for exact path,not reached,no exact-path evidence,no exact-path evidence,none established for exact path,model-bound,manual-review,No case-exact current Java consumer was extracted; similar names or legacy paths do not establish compatibility.
models/table/dark_oak.png,models,upstream-only,none-extracted,,none for exact path,not reached,no exact-path evidence,no exact-path evidence,none established for exact path,missing-system/excluded,manual-review;excluded,Extra wood species/data semantics belong to excluded #23; no exact current consumer.
models/table/jungle.png,models,upstream-only,none-extracted,,none for exact path,not reached,no exact-path evidence,no exact-path evidence,none established for exact path,model-bound,manual-review,No case-exact current Java consumer was extracted; similar names or legacy paths do not establish compatibility.
models/table/oak.png,models,upstream-only,none-extracted,,none for exact path,not reached,no exact-path evidence,no exact-path evidence,none established for exact path,model-bound,manual-review,No case-exact current Java consumer was extracted; similar names or legacy paths do not establish compatibility.
models/table/spruce.png,models,upstream-only,none-extracted,,none for exact path,not reached,no exact-path evidence,no exact-path evidence,none established for exact path,model-bound,manual-review,No case-exact current Java consumer was extracted; similar names or legacy paths do not establish compatibility.
